Nomes,Imagem
Raquel Landim,https://conteudo.imguol.com.br/8a/2024/05/23/raquel-landim-150-1716474957737_150x150.jpg
Josias de Souza,https://conteudo.imguol.com.br/05/2021/03/16/josias-de-souza-2---150-1615902601317_150x150.jpg
Carla Araújo,https://conteudo.imguol.com.br/fe/2020/03/12/carla-araujo-150-1584023422273_150x150.jpg
Jamil Chade,https://conteudo.imguol.com.br/b7/2019/02/11/jamil-chade-150-1549911031183_150x150.png
Thais Bilenky,https://conteudo.imguol.com.br/62/2024/01/31/thais-bilenky---autor-1706729977982_150x150.jpg
Raul Juste Lores,https://conteudo.imguol.com.br/6d/2024/06/11/raul-juste-lores-150-1718110957521_150x150.jpg
Andreza Matais,https://conteudo.imguol.com.br/09/2024/03/06/andreza-matais-150-1709755157938_150x150.jpg
Reinaldo Azevedo,https://conteudo.imguol.com.br/25/2021/03/16/reinaldo-azevedo-150-2-1615904497889_150x150.jpg
Natália Portinari,https://conteudo.imguol.com.br/c/newsletters/de/2024/08/15/natalia-portinari---150---2024-1723719148553_v2_150x150.jpg
Leonardo Sakamoto,https://conteudo.imguol.com.br/a0/2021/03/16/leonardo-sakamoto-2---150-1615917027745_150x150.jpg
Carolina Brígido,https://conteudo.imguol.com.br/54/2021/04/06/carolina-brigido---150-1617724913912_150x150.jpg
Tales Faria,https://conteudo.imguol.com.br/03/2021/03/16/tales-faria-2---150-1615907168653_150x150.jpg
Amanda Cotrim,https://conteudo.imguol.com.br/88/2023/12/22/amanda-cotrim-1703273224358_150x150.png
José Roberto de Toledo,https://conteudo.imguol.com.br/fb/2024/05/03/jose-roberto-de-toledo-150-1714764618727_150x150.jpg
Fernanda Magnotta,https://conteudo.imguol.com.br/6e/2023/07/03/fernanda-magnotta---author-1688407414800_150x150.png
Ronilso Pacheco,https://conteudo.imguol.com.br/5b/2020/07/30/ronilso-pacheco-150-1596108114337_150x150.jpg
Letícia Casado,https://conteudo.imguol.com.br/ea/2024/01/09/leticia-casado---autor-1704816982074_150x150.jpg
Jeferson Tenório,https://conteudo.imguol.com.br/05/2022/04/14/jeferson-tenorio-150-1649952821515_150x150.jpg
Aguirre Talento,https://conteudo.imguol.com.br/ad/2023/02/24/aguirre-talento---150-1677252273504_150x150.png
Flávio VM Costa,https://conteudo.imguol.com.br/4e/2024/04/25/flavio-vm-costa-150-1714056608938_150x150.png
Josmar Jozino,https://conteudo.imguol.com.br/2f/2020/07/23/josmar-jozino-150-1595509024264_150x150.jpg
André Santana,https://conteudo.imguol.com.br/63/2021/09/13/andre-santana-150-1631544856756_150x150.jpg
Carlos Madeiro,https://conteudo.imguol.com.br/0d/2022/02/02/carlos-madeiro-150-1643816038527_150x150.jpg
Rogério Gentile,https://conteudo.imguol.com.br/3c/2021/03/16/rogerio-gentile-2-150-1615905616342_150x150.jpg
Valmir Salaro,https://conteudo.imguol.com.br/17/2024/06/10/valmir-salaro-150-1718056169477_150x150.jpg
Wálter Maierovitch,https://conteudo.imguol.com.br/5a/2021/09/01/walter-maierovitch-150-1630499536004_150x150.jpg
Thiago Herdy,https://conteudo.imguol.com.br/6a/2021/07/20/thiago-herdy---150-1626797052798_150x150.jpg
Kennedy Alencar,https://conteudo.imguol.com.br/32/2022/05/24/kennedy-alencar---150-1653421093033_150x150.jpg
Presença Histórica,https://conteudo.imguol.com.br/5c/2022/05/02/presenca-historica-150-1651509192183_150x150.jpg
Pra começar a semana,https://conteudo.imguol.com.br/66/2021/12/23/pra-comecar-a-semana-1640302864699_150x150.jpg
Mariana Londres,https://conteudo.imguol.com.br/6b/2022/08/09/mariana-londres---150-1660075394787_150x150.jpg
Felipe Salto,https://conteudo.imguol.com.br/fd/2023/10/24/felipe-salto---150-1698162201562_150x150.png
Katherine Rivas,https://conteudo.imguol.com.br/ff/2024/03/06/katherine-rivas---150-1709733441219_150x150.jpg
José Paulo Kupfer,https://conteudo.imguol.com.br/13/2019/07/17/jose-paulo-kupfer-150-1563376488852_150x150.jpg
Mariana Grilli,https://conteudo.imguol.com.br/14/2024/08/06/mariana-grilli-150-1722957103774_150x150.jpg
Graciliano Rocha,https://conteudo.imguol.com.br/f6/2022/07/12/graciliano-rocha---150-1657640685634_150x150.jpg
Sílvio Crespo,https://conteudo.imguol.com.br/b4/2021/03/30/silvio-crespo---150-1617113813916_150x150.jpg
Carlos Juliano Barros,https://conteudo.imguol.com.br/28/2021/02/22/carlos-juliano-barros-150-1614023644854_150x150.jpg
Todos a Bordo,https://conteudo.imguol.com.br/37/2018/08/13/blog-todos-a-bordo-1534199765329_150x150.png
PagBank Investimentos,https://conteudo.imguol.com.br/f6/2021/12/21/pagbank-investimentos---150-1640115833827_150x150.jpg
Juca Kfouri,https://conteudo.imguol.com.br/a1/2020/09/24/juca-kfouri-2-150-1600986265943_150x150.jpg
Paulo Vinicius Coelho (PVC),https://conteudo.imguol.com.br/55/2023/03/21/pvc-novo-150-1679415415217_150x150.png
Casagrande,https://conteudo.imguol.com.br/8e/2022/07/12/casagrande-bio---150x150-1657634957903_80x80.jpg
Mauro Cezar,https://conteudo.imguol.com.br/3e/2021/02/10/mauro-cezar-150-colorida-1612960631293_150x150.jpg
Milly Lacombe,https://conteudo.imguol.com.br/f6/2021/01/29/milly-lacombe-150-2-1611928950438_150x150.jpg
Milton Neves,https://conteudo.imguol.com.br/3c/2021/05/13/milton-neves-nova-150-1620927754530_150x150.jpg
Renato Mauricio Prado,https://conteudo.imguol.com.br/fd/2020/10/29/renato-mauricio-prado-2-150-1603986966221_150x150.jpg
Alicia Klein,https://conteudo.imguol.com.br/fa/2020/10/20/alicia-klein-150-1603243605874_150x150.jpg
Danilo Lavieri,https://conteudo.imguol.com.br/b8/2020/09/22/danilo-lavieri-150-1600783896235_150x150.png
Julio Gomes,https://conteudo.imguol.com.br/49/2020/09/29/julio-gomes-150-1601411079441_150x150.jpg
Diego Garcia,https://conteudo.imguol.com.br/e6/2021/04/29/diego-garcia-150-1619705851485_150x150.jpg
Perrone,https://conteudo.imguol.com.br/0f/2020/09/22/perrone-150-1600790078149_150x150.jpg
Rodrigo Mattos,https://conteudo.imguol.com.br/35/2020/09/30/rodrigo-mattos-150-1601479647634_150x150.jpg
Samir Carvalho,https://conteudo.imguol.com.br/cf/2023/02/07/samir-carvalho---150-1675793842275_150x150.jpg
Luís Rosa,https://conteudo.imguol.com.br/21/2023/02/06/luis-rosa---150-1675703497669_150x150.jpg
Mercado da Bola,https://conteudo.imguol.com.br/55/2022/03/18/mercado-da-bola---150-1647631931591_150x150.png
Futebol pelo mundo,https://conteudo.imguol.com.br/32/2023/04/19/thiago-arantes---autor-1681935222516_150x150.jpg
Bruno Andrade,https://conteudo.imguol.com.br/1f/2021/04/05/mercado-da-bola-150-1617626341961_150x150.jpg
Allan Simon,https://conteudo.imguol.com.br/ba/2022/08/09/allan-simon---author-1660053796024_150x150.jpg
Rafael Reis,https://conteudo.imguol.com.br/d9/2020/09/29/rafael-reis-150-1601404525040_150x150.jpg
Lei em Campo,https://conteudo.imguol.com.br/ca/2020/09/29/lei-em-campo-150-1601414649632_150x150.jpg
Pole Position,https://conteudo.imguol.com.br/6e/2021/02/10/julianne-cerasoli-150-colorida-1612961832749_150x150.jpg
Saque e Voleio,https://conteudo.imguol.com.br/75/2021/02/10/saque-e-voleio-150-1612978549701_150x150.jpg
Na Grade do MMA,https://conteudo.imguol.com.br/15/2019/02/11/na-grade-mma-pb-150-1549910330389_150x150.png
Yara Fantoni,https://conteudo.imguol.com.br/e6/2024/05/20/yara-fantoni-150-1716218084796_150x150.jpg
Jorge Moraes,https://conteudo.imguol.com.br/c5/2022/06/07/jorge-moraes-150-1654619700974_150x150.jpg
Paula Gama,https://conteudo.imguol.com.br/de/2021/05/12/paula-gama---150-1620827716124_150x150.jpg
Doutor Multas,https://conteudo.imguol.com.br/3b/2020/01/15/doutor-multas-1579109562860_150x150.jpg
Caçador de Carros,https://conteudo.imguol.com.br/51/2020/01/15/cacador-de-carros-1579108696245_150x150.jpg
Primeira Classe,https://conteudo.imguol.com.br/be/2020/01/16/primeira-classe---rafaela-borges-1579204079733_150x150.jpg
Autos Segredos,https://conteudo.imguol.com.br/f3/2021/10/28/autos-segredos-150-1635445074045_150x150.jpg
Chico Barney,https://conteudo.imguol.com.br/9c/2020/09/04/chico-barney-splash-150-1599251368640_150x150.jpg
Lucas Pasin,https://conteudo.imguol.com.br/fb/2022/04/25/lucas-pasin-150-1650888187533_150x150.jpg
Leão Lobo,https://conteudo.imguol.com.br/8b/2023/08/30/leao-lobo-1693416070251_150x150.jpg
Joyce Pascowitch,https://conteudo.imguol.com.br/23/2023/07/12/joyce-pascowitch---150-1689168194945_150x150.jpg
Roberto Sadovski,https://conteudo.imguol.com.br/41/2020/08/31/roberto-sadoviski-splash-150-1598906281867_150x150.jpg
Flavia Guerra,https://conteudo.imguol.com.br/51/2022/04/29/flavia-guerra---150-1651259242143_150x150.jpg
Renan Martins Frade,https://conteudo.imguol.com.br/28/2022/04/27/renan-martins-frade---na-sua-tela-1651070400483_150x150.png
Luciana Bugni,https://conteudo.imguol.com.br/c0/2021/03/24/luciana-bugni-150-1616616588006_150x150.jpg
Arte Fora do Museu,https://conteudo.imguol.com.br/e9/2021/04/29/arte-fora-do-museu-150-1619705154377_150x150.jpg
Leonardo Rodrigues,https://conteudo.imguol.com.br/4f/2021/04/29/leonardo-rodrigues-150-1619705277015_150x150.jpg
Página Cinco,https://conteudo.imguol.com.br/41/2024/05/27/pagina-cinco-2024-150-1716830342417_150x150.jpg
Amaury Jr.,https://conteudo.imguol.com.br/77/2018/12/11/amaury-jr-150-1544570633912_150x150.png
UOL Play,https://conteudo.imguol.com.br/3b/2021/11/11/uol-play-1636662826012_150x150.jpg
Helio de La Peña,https://conteudo.imguol.com.br/ff/2024/06/05/helio-de-la-pena-150-1717596939967_150x150.jpg
Ricky Hiraoka,https://conteudo.imguol.com.br/ac/2024/05/28/ricky-hiraoka-150-1716914506827_150x150.jpg
Ana Canosa,https://conteudo.imguol.com.br/30/2020/09/22/ana-canosa-150-1600787986865_150x150.png
Cris Guterres,https://conteudo.imguol.com.br/31/2024/06/10/cris-guterres-2024-150-1718030491639_150x150.jpg
Cristina Fibe,https://conteudo.imguol.com.br/a2/2023/05/31/cristina-fibe---150x150-1685537814302_80x80.png
Maria Ribeiro,https://conteudo.imguol.com.br/50/2023/03/29/maria-ribeiro---150x150-1680094428644_80x80.jpg
Natalia Timerman,https://conteudo.imguol.com.br/4d/2022/03/23/natalia-timerman-1648063961972_150x150.png
Materna,https://conteudo.imguol.com.br/40/2024/09/06/materna-coluna-150-1725656138157_150x150.jpg
Lúcia Helena,https://conteudo.imguol.com.br/08/2020/12/30/lucia-helena-150-2-1609336618677_150x150.jpg
Ageless,https://conteudo.imguol.com.br/43/2020/09/25/ageless-150-1601056851302_150x150.jpg
Mariana Varella,https://conteudo.imguol.com.br/5c/2021/10/07/mariana-varella---150-1633626056591_150x150.png
Taise Spolti,https://conteudo.imguol.com.br/11/2020/11/27/taise-spolt-150-1606477905343_150x150.jpg
Verônica Laino,https://conteudo.imguol.com.br/c/entretenimento/fc/2017/11/21/veronica-laino-1511304087277_v2_150x150.png
Fernando Guerreiro,https://conteudo.imguol.com.br/c/entretenimento/70/2017/11/21/fernando-guerreiro-1511303647152_v2_150x150.png
Guia do Supermercado,https://conteudo.imguol.com.br/04/2024/05/08/sari-fontana-150-branco-1715200002696_150x150.jpg
Blog do Dunker,https://conteudo.imguol.com.br/7e/2019/08/12/blog-do-dunker-150-tilt-1565661479396_150x150.jpg
Carlos Affonso Souza,https://conteudo.imguol.com.br/81/2019/08/13/tecfront-150-tilt-1565697963764_150x150.jpg
Felipe Zmoginski,https://conteudo.imguol.com.br/05/2019/08/13/copy-from-china-150-tilt-1565696563403_150x150.jpg
Diogo Cortiz,https://conteudo.imguol.com.br/98/2023/11/22/diogo-cortiz---150---roxo-1700679652251_150x150.jpg
Helton Simões Gomes,https://conteudo.imguol.com.br/34/2020/10/02/helton-gomes-150-1601662426873_150x150.jpg
Beatriz Mattiuzzo,https://conteudo.imguol.com.br/aa/2024/02/19/beatriz-mattiuzzo-150-1708379072875_150x150.jpg
Carlos Nobre,https://conteudo.imguol.com.br/e4/2024/09/24/carlos-nobre-150-nova-1727216437531_150x150.jpg
Eduardo Carvalho,https://conteudo.imguol.com.br/08/2020/10/22/eduardo-carvalho-150-1603399673585_150x150.jpg
Julián Fuks,https://conteudo.imguol.com.br/bc/2024/05/07/julian-fuks-150-1715110320960_150x150.png
Mariana Sgarioni,https://conteudo.imguol.com.br/56/2024/05/28/mariana-sgarioni-150-1716907639504_150x150.jpg
Notícias da Floresta,https://conteudo.imguol.com.br/db/2020/05/05/noticias-da-floresta-150-1588698930211_150x150.jpg
Tony Marlon,https://conteudo.imguol.com.br/da/2024/05/22/tony-marlon-nova-150-1716413482413_150x150.png
Voz dos Oceanos,https://conteudo.imguol.com.br/1f/2024/03/07/voz-dos-oceanos-150-1709850593112_150x150.jpg
Opinião,https://conteudo.imguol.com.br/c/entretenimento/8a/2019/10/11/coluna-opiniao-3-1570825104484_v2_150x150.png
Histórias do Mar,https://conteudo.imguol.com.br/91/2024/07/02/historia-do-mar-150-2024-1719937577688_150x150.jpg
Terra à vista!,https://conteudo.imguol.com.br/84/2021/09/27/terra-a-vista-150-1632754684268_150x150.jpg
Rafael Tonon,https://conteudo.imguol.com.br/64/2023/02/13/rafael-tonon---autor-1676312824115_150x150.png
Siga o Copo,https://conteudo.imguol.com.br/c7/2021/09/27/siga-copo-150-1632754377695_150x150.jpg
Exclusivo do Assinante,https://conteudo.imguol.com.br/c/noticias/c2/2021/10/18/folha-1634585448617_v2_150x150.jpg
